INSERT INTO AccountType (id, acct_type) VALUES (1, 'Basic');
INSERT INTO AccountType (id, acct_type) VALUES (2, 'Premium');
INSERT INTO AccountType (id, acct_type) VALUES (3, 'VIP');
INSERT INTO Customer (id, first_name, last_name, account_type) VALUES (1, 'Christopher', 'Nelson', 'Basic');
INSERT INTO Customer (id, first_name, last_name, account_type) VALUES (2, 'Kimberly', 'Wright', 'Basic');
INSERT INTO Customer (id, first_name, last_name, account_type) VALUES (3, 'Phillip', 'Jones', 'Basic');
INSERT INTO Customer (id, first_name, last_name, account_type) VALUES (4, 'Mark', 'Hamilton', 'Premium');
INSERT INTO Customer (id, first_name, last_name, account_type) VALUES (5, 'Andrew', 'Garcia', 'Premium');
INSERT INTO Customer (id, first_name, last_name, account_type) VALUES (6, 'Ronald', 'Ramos', 'Basic');
INSERT INTO Customer (id, first_name, last_name, account_type) VALUES (7, 'Beth', 'Mack', 'Basic');
INSERT INTO Customer (id, first_name, last_name, account_type) VALUES (8, 'Katrina', 'Bowman', 'Premium');
INSERT INTO Customer (id, first_name, last_name, account_type) VALUES (9, 'Steve', 'Vasquez', 'Premium');
INSERT INTO Customer (id, first_name, last_name, account_type) VALUES (10, 'Cheryl', 'Thomas', 'Premium');
INSERT INTO Customer (id, first_name, last_name, account_type) VALUES (11, 'David', 'Warner', 'VIP');
INSERT INTO Customer (id, first_name, last_name, account_type) VALUES (12, 'Michael', 'Bautista', 'Basic');
INSERT INTO Customer (id, first_name, last_name, account_type) VALUES (13, 'Alicia', 'York', 'VIP');
INSERT INTO Customer (id, first_name, last_name, account_type) VALUES (14, 'Jack', 'Morrison', 'Premium');
INSERT INTO Customer (id, first_name, last_name, account_type) VALUES (15, 'Matthew', 'Collins', 'Basic');
INSERT INTO Customer (id, first_name, last_name, account_type) VALUES (16, 'Michael', 'Washington', 'Basic');
INSERT INTO Customer (id, first_name, last_name, account_type) VALUES (17, 'Katherine', 'Bailey', 'Premium');
INSERT INTO Customer (id, first_name, last_name, account_type) VALUES (18, 'Daniel', 'James', 'VIP');
INSERT INTO Customer (id, first_name, last_name, account_type) VALUES (19, 'Michele', 'Alvarez', 'Basic');
INSERT INTO Customer (id, first_name, last_name, account_type) VALUES (20, 'Traci', 'Lewis', 'Premium');
INSERT INTO Customer (id, first_name, last_name, account_type) VALUES (21, 'Shawn', 'Rasmussen', 'Basic');
INSERT INTO Customer (id, first_name, last_name, account_type) VALUES (22, 'Nicholas', 'Banks', 'Basic');
INSERT INTO Customer (id, first_name, last_name, account_type) VALUES (23, 'Kevin', 'Williams', 'Premium');
INSERT INTO Customer (id, first_name, last_name, account_type) VALUES (24, 'Harry', 'Gonzalez', 'Premium');
INSERT INTO Customer (id, first_name, last_name, account_type) VALUES (25, 'James', 'Kent', 'VIP');
INSERT INTO Customer (id, first_name, last_name, account_type) VALUES (26, 'Janet', 'Osborne', 'Premium');
INSERT INTO Customer (id, first_name, last_name, account_type) VALUES (27, 'Sara', 'Taylor', 'Premium');
INSERT INTO Customer (id, first_name, last_name, account_type) VALUES (28, 'Brenda', 'Lee', 'Basic');
INSERT INTO Customer (id, first_name, last_name, account_type) VALUES (29, 'Summer', 'Martin', 'VIP');
INSERT INTO Customer (id, first_name, last_name, account_type) VALUES (30, 'Jared', 'Johnson', 'Premium');
INSERT INTO Customer (id, first_name, last_name, account_type) VALUES (31, 'Brandy', 'Hunter', 'Premium');
INSERT INTO Customer (id, first_name, last_name, account_type) VALUES (32, 'David', 'Gaines', 'VIP');
INSERT INTO Customer (id, first_name, last_name, account_type) VALUES (33, 'Molly', 'Hurley', 'Premium');
INSERT INTO Customer (id, first_name, last_name, account_type) VALUES (34, 'Melissa', 'Francis', 'Basic');
INSERT INTO Customer (id, first_name, last_name, account_type) VALUES (35, 'Lindsey', 'Roy', 'Premium');
INSERT INTO Customer (id, first_name, last_name, account_type) VALUES (36, 'Terri', 'Yates', 'VIP');
INSERT INTO Customer (id, first_name, last_name, account_type) VALUES (37, 'Jacob', 'Durham', 'Basic');
INSERT INTO Customer (id, first_name, last_name, account_type) VALUES (38, 'Rebecca', 'Williams', 'Premium');
INSERT INTO Customer (id, first_name, last_name, account_type) VALUES (39, 'Cassandra', 'Hill', 'Basic');
INSERT INTO Customer (id, first_name, last_name, account_type) VALUES (40, 'Makayla', 'Chan', 'Premium');
INSERT INTO Customer (id, first_name, last_name, account_type) VALUES (41, 'Jeffrey', 'Perez', 'Basic');
INSERT INTO Customer (id, first_name, last_name, account_type) VALUES (42, 'Greg', 'Poole', 'Basic');
INSERT INTO Customer (id, first_name, last_name, account_type) VALUES (43, 'Michael', 'Zimmerman', 'VIP');
INSERT INTO Customer (id, first_name, last_name, account_type) VALUES (44, 'Daniel', 'Hernandez', 'Basic');
INSERT INTO Customer (id, first_name, last_name, account_type) VALUES (45, 'Katie', 'Hernandez', 'VIP');
INSERT INTO Customer (id, first_name, last_name, account_type) VALUES (46, 'Cody', 'Brock', 'Premium');
INSERT INTO Customer (id, first_name, last_name, account_type) VALUES (47, 'Lauren', 'Ritter', 'Basic');
INSERT INTO Customer (id, first_name, last_name, account_type) VALUES (48, 'Miguel', 'Chandler', 'VIP');
INSERT INTO Customer (id, first_name, last_name, account_type) VALUES (49, 'Lisa', 'Williams', 'Premium');
INSERT INTO Customer (id, first_name, last_name, account_type) VALUES (50, 'Ashley', 'Estes', 'VIP');
INSERT INTO Customer (id, first_name, last_name, account_type) VALUES (51, 'Edward', 'Mcdonald', 'Basic');
INSERT INTO Customer (id, first_name, last_name, account_type) VALUES (52, 'Brandon', 'Allen', 'Premium');
INSERT INTO Customer (id, first_name, last_name, account_type) VALUES (53, 'Shelley', 'Clark', 'Premium');
INSERT INTO Customer (id, first_name, last_name, account_type) VALUES (54, 'Daniel', 'Chavez', 'VIP');
INSERT INTO Customer (id, first_name, last_name, account_type) VALUES (55, 'Stephanie', 'White', 'Premium');
INSERT INTO Customer (id, first_name, last_name, account_type) VALUES (56, 'Renee', 'Larson', 'Premium');
INSERT INTO Customer (id, first_name, last_name, account_type) VALUES (57, 'Sydney', 'Frederick', 'Basic');
INSERT INTO Customer (id, first_name, last_name, account_type) VALUES (58, 'Jennifer', 'Brown', 'Premium');
INSERT INTO Customer (id, first_name, last_name, account_type) VALUES (59, 'Zachary', 'Taylor', 'VIP');
INSERT INTO Customer (id, first_name, last_name, account_type) VALUES (60, 'Charles', 'Santiago', 'Basic');
INSERT INTO Customer (id, first_name, last_name, account_type) VALUES (61, 'Robert', 'Figueroa', 'Basic');
INSERT INTO Customer (id, first_name, last_name, account_type) VALUES (62, 'Jason', 'Porter', 'VIP');
INSERT INTO Customer (id, first_name, last_name, account_type) VALUES (63, 'Michelle', 'Lloyd', 'Premium');
INSERT INTO Customer (id, first_name, last_name, account_type) VALUES (64, 'Brenda', 'Hunter', 'Basic');
INSERT INTO Customer (id, first_name, last_name, account_type) VALUES (65, 'Bobby', 'Beard', 'VIP');
INSERT INTO Customer (id, first_name, last_name, account_type) VALUES (66, 'Amy', 'Downs', 'Premium');
INSERT INTO Customer (id, first_name, last_name, account_type) VALUES (67, 'Martin', 'Watkins', 'Premium');
INSERT INTO Customer (id, first_name, last_name, account_type) VALUES (68, 'Heidi', 'Edwards', 'VIP');
INSERT INTO Customer (id, first_name, last_name, account_type) VALUES (69, 'James', 'Moore', 'VIP');
INSERT INTO Customer (id, first_name, last_name, account_type) VALUES (70, 'Kevin', 'Waters', 'Premium');
INSERT INTO Customer (id, first_name, last_name, account_type) VALUES (71, 'Martha', 'Kemp', 'Premium');
INSERT INTO Customer (id, first_name, last_name, account_type) VALUES (72, 'Julie', 'Alexander', 'Basic');
INSERT INTO Customer (id, first_name, last_name, account_type) VALUES (73, 'Olivia', 'Morris', 'Premium');
INSERT INTO Customer (id, first_name, last_name, account_type) VALUES (74, 'Matthew', 'Glenn', 'VIP');
INSERT INTO Customer (id, first_name, last_name, account_type) VALUES (75, 'Jessica', 'Rogers', 'Basic');
INSERT INTO Customer (id, first_name, last_name, account_type) VALUES (76, 'Gina', 'Carpenter', 'Premium');
INSERT INTO Customer (id, first_name, last_name, account_type) VALUES (77, 'Mark', 'Ruiz', 'Basic');
INSERT INTO Customer (id, first_name, last_name, account_type) VALUES (78, 'Andrea', 'Richardson', 'Premium');
INSERT INTO Customer (id, first_name, last_name, account_type) VALUES (79, 'Patricia', 'Leach', 'Premium');
INSERT INTO Customer (id, first_name, last_name, account_type) VALUES (80, 'Nathaniel', 'Powell', 'Basic');
INSERT INTO Customer (id, first_name, last_name, account_type) VALUES (81, 'Christopher', 'Rasmussen', 'Premium');
INSERT INTO Customer (id, first_name, last_name, account_type) VALUES (82, 'Debra', 'Freeman', 'VIP');
INSERT INTO Customer (id, first_name, last_name, account_type) VALUES (83, 'Robert', 'Mullins', 'VIP');
INSERT INTO Customer (id, first_name, last_name, account_type) VALUES (84, 'Craig', 'Davidson', 'Premium');
INSERT INTO Customer (id, first_name, last_name, account_type) VALUES (85, 'Shirley', 'Reyes', 'VIP');
INSERT INTO Customer (id, first_name, last_name, account_type) VALUES (86, 'Carolyn', 'Fischer', 'VIP');
INSERT INTO Customer (id, first_name, last_name, account_type) VALUES (87, 'James', 'Lopez', 'Basic');
INSERT INTO Customer (id, first_name, last_name, account_type) VALUES (88, 'Kimberly', 'Bell', 'VIP');
INSERT INTO Customer (id, first_name, last_name, account_type) VALUES (89, 'Laura', 'White', 'VIP');
INSERT INTO Customer (id, first_name, last_name, account_type) VALUES (90, 'Brian', 'Avila', 'Premium');
INSERT INTO Customer (id, first_name, last_name, account_type) VALUES (91, 'William', 'Mason', 'Premium');
INSERT INTO Customer (id, first_name, last_name, account_type) VALUES (92, 'Donna', 'Crawford', 'VIP');
INSERT INTO Customer (id, first_name, last_name, account_type) VALUES (93, 'Mary', 'Oneal', 'Premium');
INSERT INTO Customer (id, first_name, last_name, account_type) VALUES (94, 'Michelle', 'Simon', 'Basic');
INSERT INTO Customer (id, first_name, last_name, account_type) VALUES (95, 'Kenneth', 'Graves', 'VIP');
INSERT INTO Customer (id, first_name, last_name, account_type) VALUES (96, 'Willie', 'Hall', 'Premium');
INSERT INTO Customer (id, first_name, last_name, account_type) VALUES (97, 'Kristina', 'Burns', 'VIP');
INSERT INTO Customer (id, first_name, last_name, account_type) VALUES (98, 'Eric', 'Mccoy', 'Basic');
INSERT INTO Customer (id, first_name, last_name, account_type) VALUES (99, 'Christopher', 'Ellis', 'VIP');
INSERT INTO Customer (id, first_name, last_name, account_type) VALUES (100, 'Brandon', 'Ewing', 'VIP');
INSERT INTO Rentals (id, title, copies_available) VALUES (1, 'Movie 1', 1);
INSERT INTO Rentals (id, title, copies_available) VALUES (2, 'Movie 2', 3);
INSERT INTO Rentals (id, title, copies_available) VALUES (3, 'Movie 3', 3);
INSERT INTO Rentals (id, title, copies_available) VALUES (4, 'Movie 4', 3);
INSERT INTO Rentals (id, title, copies_available) VALUES (5, 'Movie 5', 4);
INSERT INTO Rentals (id, title, copies_available) VALUES (6, 'Movie 6', 1);
INSERT INTO Rentals (id, title, copies_available) VALUES (7, 'Movie 7', 1);
INSERT INTO Rentals (id, title, copies_available) VALUES (8, 'Movie 8', 1);
INSERT INTO Rentals (id, title, copies_available) VALUES (9, 'Movie 9', 1);
INSERT INTO Rentals (id, title, copies_available) VALUES (10, 'Movie 10', 1);
INSERT INTO Rentals (id, title, copies_available) VALUES (11, 'Movie 11', 5);
INSERT INTO Rentals (id, title, copies_available) VALUES (12, 'Movie 12', 5);
INSERT INTO Rentals (id, title, copies_available) VALUES (13, 'Movie 13', 1);
INSERT INTO Rentals (id, title, copies_available) VALUES (14, 'Movie 14', 5);
INSERT INTO Rentals (id, title, copies_available) VALUES (15, 'Movie 15', 2);
INSERT INTO Rentals (id, title, copies_available) VALUES (16, 'Movie 16', 5);
INSERT INTO Rentals (id, title, copies_available) VALUES (17, 'Movie 17', 2);
INSERT INTO Rentals (id, title, copies_available) VALUES (18, 'Movie 18', 1);
INSERT INTO Rentals (id, title, copies_available) VALUES (19, 'Movie 19', 4);
INSERT INTO Rentals (id, title, copies_available) VALUES (20, 'Movie 20', 4);
INSERT INTO Rentals (id, title, copies_available) VALUES (21, 'Movie 21', 2);
INSERT INTO Rentals (id, title, copies_available) VALUES (22, 'Movie 22', 2);
INSERT INTO Rentals (id, title, copies_available) VALUES (23, 'Movie 23', 4);
INSERT INTO Rentals (id, title, copies_available) VALUES (24, 'Movie 24', 1);
INSERT INTO Rentals (id, title, copies_available) VALUES (25, 'Movie 25', 1);
INSERT INTO Rentals (id, title, copies_available) VALUES (26, 'Movie 26', 5);
INSERT INTO Rentals (id, title, copies_available) VALUES (27, 'Movie 27', 5);
INSERT INTO Rentals (id, title, copies_available) VALUES (28, 'Movie 28', 2);
INSERT INTO Rentals (id, title, copies_available) VALUES (29, 'Movie 29', 1);
INSERT INTO Rentals (id, title, copies_available) VALUES (30, 'Movie 30', 2);
INSERT INTO Rentals (id, title, copies_available) VALUES (31, 'Movie 31', 1);
INSERT INTO Rentals (id, title, copies_available) VALUES (32, 'Movie 32', 5);
INSERT INTO Rentals (id, title, copies_available) VALUES (33, 'Movie 33', 5);
INSERT INTO Rentals (id, title, copies_available) VALUES (34, 'Movie 34', 5);
INSERT INTO Rentals (id, title, copies_available) VALUES (35, 'Movie 35', 5);
INSERT INTO Rentals (id, title, copies_available) VALUES (36, 'Movie 36', 1);
INSERT INTO Rentals (id, title, copies_available) VALUES (37, 'Movie 37', 1);
INSERT INTO Rentals (id, title, copies_available) VALUES (38, 'Movie 38', 3);
INSERT INTO Rentals (id, title, copies_available) VALUES (39, 'Movie 39', 1);
INSERT INTO Rentals (id, title, copies_available) VALUES (40, 'Movie 40', 1);
INSERT INTO Rentals (id, title, copies_available) VALUES (41, 'Movie 41', 5);
INSERT INTO Rentals (id, title, copies_available) VALUES (42, 'Movie 42', 5);
INSERT INTO Rentals (id, title, copies_available) VALUES (43, 'Movie 43', 3);
INSERT INTO Rentals (id, title, copies_available) VALUES (44, 'Movie 44', 3);
INSERT INTO Rentals (id, title, copies_available) VALUES (45, 'Movie 45', 4);
INSERT INTO Rentals (id, title, copies_available) VALUES (46, 'Movie 46', 2);
INSERT INTO Rentals (id, title, copies_available) VALUES (47, 'Movie 47', 1);
INSERT INTO Rentals (id, title, copies_available) VALUES (48, 'Movie 48', 2);
INSERT INTO Rentals (id, title, copies_available) VALUES (49, 'Movie 49', 1);
INSERT INTO Rentals (id, title, copies_available) VALUES (50, 'Movie 50', 3);
INSERT INTO CustomerRentals (id, customer_id, rental_id) VALUES (1, 53, 48);
INSERT INTO CustomerRentals (id, customer_id, rental_id) VALUES (2, 100, 12);
INSERT INTO CustomerRentals (id, customer_id, rental_id) VALUES (3, 21, 35);
INSERT INTO CustomerRentals (id, customer_id, rental_id) VALUES (4, 75, 34);
INSERT INTO CustomerRentals (id, customer_id, rental_id) VALUES (5, 80, 11);
INSERT INTO CustomerRentals (id, customer_id, rental_id) VALUES (6, 58, 3);
INSERT INTO CustomerRentals (id, customer_id, rental_id) VALUES (7, 29, 7);
INSERT INTO CustomerRentals (id, customer_id, rental_id) VALUES (8, 16, 21);
INSERT INTO CustomerRentals (id, customer_id, rental_id) VALUES (9, 5, 18);
INSERT INTO CustomerRentals (id, customer_id, rental_id) VALUES (10, 77, 28);
INSERT INTO CustomerRentals (id, customer_id, rental_id) VALUES (11, 12, 2);
INSERT INTO CustomerRentals (id, customer_id, rental_id) VALUES (12, 74, 19);
INSERT INTO CustomerRentals (id, customer_id, rental_id) VALUES (13, 60, 31);
INSERT INTO CustomerRentals (id, customer_id, rental_id) VALUES (14, 24, 31);
INSERT INTO CustomerRentals (id, customer_id, rental_id) VALUES (15, 38, 49);
INSERT INTO CustomerRentals (id, customer_id, rental_id) VALUES (16, 73, 28);
INSERT INTO CustomerRentals (id, customer_id, rental_id) VALUES (17, 54, 8);
INSERT INTO CustomerRentals (id, customer_id, rental_id) VALUES (18, 38, 11);
INSERT INTO CustomerRentals (id, customer_id, rental_id) VALUES (19, 31, 35);
INSERT INTO CustomerRentals (id, customer_id, rental_id) VALUES (20, 83, 8);
INSERT INTO CustomerRentals (id, customer_id, rental_id) VALUES (21, 100, 3);
INSERT INTO CustomerRentals (id, customer_id, rental_id) VALUES (22, 73, 30);
INSERT INTO CustomerRentals (id, customer_id, rental_id) VALUES (23, 81, 47);
INSERT INTO CustomerRentals (id, customer_id, rental_id) VALUES (24, 40, 11);
INSERT INTO CustomerRentals (id, customer_id, rental_id) VALUES (25, 23, 18);
INSERT INTO CustomerRentals (id, customer_id, rental_id) VALUES (26, 44, 49);
INSERT INTO CustomerRentals (id, customer_id, rental_id) VALUES (27, 19, 8);
INSERT INTO CustomerRentals (id, customer_id, rental_id) VALUES (28, 39, 7);
INSERT INTO CustomerRentals (id, customer_id, rental_id) VALUES (29, 8, 5);
INSERT INTO CustomerRentals (id, customer_id, rental_id) VALUES (30, 79, 15);
INSERT INTO CustomerRentals (id, customer_id, rental_id) VALUES (31, 16, 10);
INSERT INTO CustomerRentals (id, customer_id, rental_id) VALUES (32, 77, 41);
INSERT INTO CustomerRentals (id, customer_id, rental_id) VALUES (33, 32, 4);
INSERT INTO CustomerRentals (id, customer_id, rental_id) VALUES (34, 48, 6);
INSERT INTO CustomerRentals (id, customer_id, rental_id) VALUES (35, 84, 27);
INSERT INTO CustomerRentals (id, customer_id, rental_id) VALUES (36, 57, 36);
INSERT INTO CustomerRentals (id, customer_id, rental_id) VALUES (37, 49, 22);
INSERT INTO CustomerRentals (id, customer_id, rental_id) VALUES (38, 81, 33);
INSERT INTO CustomerRentals (id, customer_id, rental_id) VALUES (39, 27, 45);
INSERT INTO CustomerRentals (id, customer_id, rental_id) VALUES (40, 91, 19);
INSERT INTO CustomerRentals (id, customer_id, rental_id) VALUES (41, 4, 10);
INSERT INTO CustomerRentals (id, customer_id, rental_id) VALUES (42, 23, 2);
INSERT INTO CustomerRentals (id, customer_id, rental_id) VALUES (43, 21, 32);
INSERT INTO CustomerRentals (id, customer_id, rental_id) VALUES (44, 37, 50);
INSERT INTO CustomerRentals (id, customer_id, rental_id) VALUES (45, 30, 41);
INSERT INTO CustomerRentals (id, customer_id, rental_id) VALUES (46, 3, 25);
INSERT INTO CustomerRentals (id, customer_id, rental_id) VALUES (47, 56, 16);
INSERT INTO CustomerRentals (id, customer_id, rental_id) VALUES (48, 30, 30);
INSERT INTO CustomerRentals (id, customer_id, rental_id) VALUES (49, 42, 36);
INSERT INTO CustomerRentals (id, customer_id, rental_id) VALUES (50, 66, 16);
INSERT INTO CustomerRentals (id, customer_id, rental_id) VALUES (51, 99, 27);
INSERT INTO CustomerRentals (id, customer_id, rental_id) VALUES (52, 41, 23);
INSERT INTO CustomerRentals (id, customer_id, rental_id) VALUES (53, 61, 16);
INSERT INTO CustomerRentals (id, customer_id, rental_id) VALUES (54, 47, 8);
INSERT INTO CustomerRentals (id, customer_id, rental_id) VALUES (55, 95, 50);
INSERT INTO CustomerRentals (id, customer_id, rental_id) VALUES (56, 50, 33);
INSERT INTO CustomerRentals (id, customer_id, rental_id) VALUES (57, 76, 1);
INSERT INTO CustomerRentals (id, customer_id, rental_id) VALUES (58, 41, 13);
INSERT INTO CustomerRentals (id, customer_id, rental_id) VALUES (59, 99, 11);
INSERT INTO CustomerRentals (id, customer_id, rental_id) VALUES (60, 28, 8);
INSERT INTO CustomerRentals (id, customer_id, rental_id) VALUES (61, 91, 35);
INSERT INTO CustomerRentals (id, customer_id, rental_id) VALUES (62, 91, 36);
INSERT INTO CustomerRentals (id, customer_id, rental_id) VALUES (63, 11, 38);
INSERT INTO CustomerRentals (id, customer_id, rental_id) VALUES (64, 2, 39);
INSERT INTO CustomerRentals (id, customer_id, rental_id) VALUES (65, 99, 7);
INSERT INTO CustomerRentals (id, customer_id, rental_id) VALUES (66, 41, 14);
INSERT INTO CustomerRentals (id, customer_id, rental_id) VALUES (67, 76, 46);
INSERT INTO CustomerRentals (id, customer_id, rental_id) VALUES (68, 94, 7);
INSERT INTO CustomerRentals (id, customer_id, rental_id) VALUES (69, 1, 34);
INSERT INTO CustomerRentals (id, customer_id, rental_id) VALUES (70, 48, 17);
INSERT INTO CustomerRentals (id, customer_id, rental_id) VALUES (71, 23, 32);
INSERT INTO CustomerRentals (id, customer_id, rental_id) VALUES (72, 43, 19);
INSERT INTO CustomerRentals (id, customer_id, rental_id) VALUES (73, 94, 4);
INSERT INTO CustomerRentals (id, customer_id, rental_id) VALUES (74, 68, 27);
INSERT INTO CustomerRentals (id, customer_id, rental_id) VALUES (75, 20, 47);
INSERT INTO CustomerRentals (id, customer_id, rental_id) VALUES (76, 73, 50);
INSERT INTO CustomerRentals (id, customer_id, rental_id) VALUES (77, 23, 44);
INSERT INTO CustomerRentals (id, customer_id, rental_id) VALUES (78, 7, 4);
INSERT INTO CustomerRentals (id, customer_id, rental_id) VALUES (79, 57, 41);
INSERT INTO CustomerRentals (id, customer_id, rental_id) VALUES (80, 27, 34);
INSERT INTO CustomerRentals (id, customer_id, rental_id) VALUES (81, 81, 45);
INSERT INTO CustomerRentals (id, customer_id, rental_id) VALUES (82, 64, 44);
INSERT INTO CustomerRentals (id, customer_id, rental_id) VALUES (83, 100, 12);
INSERT INTO CustomerRentals (id, customer_id, rental_id) VALUES (84, 35, 19);
INSERT INTO CustomerRentals (id, customer_id, rental_id) VALUES (85, 30, 37);
INSERT INTO CustomerRentals (id, customer_id, rental_id) VALUES (86, 2, 19);
INSERT INTO CustomerRentals (id, customer_id, rental_id) VALUES (87, 42, 39);
INSERT INTO CustomerRentals (id, customer_id, rental_id) VALUES (88, 48, 20);
INSERT INTO CustomerRentals (id, customer_id, rental_id) VALUES (89, 72, 26);
INSERT INTO CustomerRentals (id, customer_id, rental_id) VALUES (90, 46, 34);
INSERT INTO CustomerRentals (id, customer_id, rental_id) VALUES (91, 89, 22);
INSERT INTO CustomerRentals (id, customer_id, rental_id) VALUES (92, 40, 19);
INSERT INTO CustomerRentals (id, customer_id, rental_id) VALUES (93, 48, 46);
INSERT INTO CustomerRentals (id, customer_id, rental_id) VALUES (94, 77, 19);
INSERT INTO CustomerRentals (id, customer_id, rental_id) VALUES (95, 43, 3);
INSERT INTO CustomerRentals (id, customer_id, rental_id) VALUES (96, 70, 12);
INSERT INTO CustomerRentals (id, customer_id, rental_id) VALUES (97, 33, 26);
INSERT INTO CustomerRentals (id, customer_id, rental_id) VALUES (98, 6, 42);
INSERT INTO CustomerRentals (id, customer_id, rental_id) VALUES (99, 76, 6);
INSERT INTO CustomerRentals (id, customer_id, rental_id) VALUES (100, 67, 15);
INSERT INTO CustomerRentals (id, customer_id, rental_id) VALUES (101, 38, 2);
INSERT INTO CustomerRentals (id, customer_id, rental_id) VALUES (102, 28, 10);
INSERT INTO CustomerRentals (id, customer_id, rental_id) VALUES (103, 76, 13);
INSERT INTO CustomerRentals (id, customer_id, rental_id) VALUES (104, 28, 18);
INSERT INTO CustomerRentals (id, customer_id, rental_id) VALUES (105, 24, 31);
INSERT INTO CustomerRentals (id, customer_id, rental_id) VALUES (106, 58, 2);
INSERT INTO CustomerRentals (id, customer_id, rental_id) VALUES (107, 47, 35);
INSERT INTO CustomerRentals (id, customer_id, rental_id) VALUES (108, 25, 33);
INSERT INTO CustomerRentals (id, customer_id, rental_id) VALUES (109, 24, 34);
INSERT INTO CustomerRentals (id, customer_id, rental_id) VALUES (110, 9, 40);
INSERT INTO CustomerRentals (id, customer_id, rental_id) VALUES (111, 85, 41);
INSERT INTO CustomerRentals (id, customer_id, rental_id) VALUES (112, 27, 11);
INSERT INTO CustomerRentals (id, customer_id, rental_id) VALUES (113, 36, 3);
INSERT INTO CustomerRentals (id, customer_id, rental_id) VALUES (114, 16, 20);
INSERT INTO CustomerRentals (id, customer_id, rental_id) VALUES (115, 68, 13);
INSERT INTO CustomerRentals (id, customer_id, rental_id) VALUES (116, 2, 23);
INSERT INTO CustomerRentals (id, customer_id, rental_id) VALUES (117, 7, 6);
INSERT INTO CustomerRentals (id, customer_id, rental_id) VALUES (118, 80, 47);
INSERT INTO CustomerRentals (id, customer_id, rental_id) VALUES (119, 92, 1);
INSERT INTO CustomerRentals (id, customer_id, rental_id) VALUES (120, 91, 34);
INSERT INTO CustomerRentals (id, customer_id, rental_id) VALUES (121, 37, 5);
INSERT INTO CustomerRentals (id, customer_id, rental_id) VALUES (122, 78, 10);
INSERT INTO CustomerRentals (id, customer_id, rental_id) VALUES (123, 71, 39);
INSERT INTO CustomerRentals (id, customer_id, rental_id) VALUES (124, 71, 29);
INSERT INTO CustomerRentals (id, customer_id, rental_id) VALUES (125, 17, 1);
INSERT INTO CustomerRentals (id, customer_id, rental_id) VALUES (126, 27, 46);
INSERT INTO CustomerRentals (id, customer_id, rental_id) VALUES (127, 40, 42);
INSERT INTO CustomerRentals (id, customer_id, rental_id) VALUES (128, 54, 46);
INSERT INTO CustomerRentals (id, customer_id, rental_id) VALUES (129, 31, 36);
INSERT INTO CustomerRentals (id, customer_id, rental_id) VALUES (130, 72, 23);
INSERT INTO CustomerRentals (id, customer_id, rental_id) VALUES (131, 62, 37);
INSERT INTO CustomerRentals (id, customer_id, rental_id) VALUES (132, 78, 40);
INSERT INTO CustomerRentals (id, customer_id, rental_id) VALUES (133, 78, 23);
INSERT INTO CustomerRentals (id, customer_id, rental_id) VALUES (134, 1, 46);
INSERT INTO CustomerRentals (id, customer_id, rental_id) VALUES (135, 69, 24);
INSERT INTO CustomerRentals (id, customer_id, rental_id) VALUES (136, 34, 14);
INSERT INTO CustomerRentals (id, customer_id, rental_id) VALUES (137, 57, 26);
INSERT INTO CustomerRentals (id, customer_id, rental_id) VALUES (138, 89, 47);
INSERT INTO CustomerRentals (id, customer_id, rental_id) VALUES (139, 75, 48);
INSERT INTO CustomerRentals (id, customer_id, rental_id) VALUES (140, 1, 13);
INSERT INTO CustomerRentals (id, customer_id, rental_id) VALUES (141, 81, 35);
INSERT INTO CustomerRentals (id, customer_id, rental_id) VALUES (142, 20, 20);
INSERT INTO CustomerRentals (id, customer_id, rental_id) VALUES (143, 45, 17);
INSERT INTO CustomerRentals (id, customer_id, rental_id) VALUES (144, 92, 43);
INSERT INTO CustomerRentals (id, customer_id, rental_id) VALUES (145, 78, 15);
INSERT INTO CustomerRentals (id, customer_id, rental_id) VALUES (146, 9, 10);
INSERT INTO CustomerRentals (id, customer_id, rental_id) VALUES (147, 39, 38);
INSERT INTO CustomerRentals (id, customer_id, rental_id) VALUES (148, 24, 4);
INSERT INTO CustomerRentals (id, customer_id, rental_id) VALUES (149, 73, 10);
INSERT INTO CustomerRentals (id, customer_id, rental_id) VALUES (150, 68, 22);
INSERT INTO CustomerRentals (id, customer_id, rental_id) VALUES (151, 26, 45);
INSERT INTO CustomerRentals (id, customer_id, rental_id) VALUES (152, 84, 28);
INSERT INTO CustomerRentals (id, customer_id, rental_id) VALUES (153, 96, 35);
INSERT INTO CustomerRentals (id, customer_id, rental_id) VALUES (154, 41, 40);
INSERT INTO CustomerRentals (id, customer_id, rental_id) VALUES (155, 28, 43);
INSERT INTO CustomerRentals (id, customer_id, rental_id) VALUES (156, 47, 27);
INSERT INTO CustomerRentals (id, customer_id, rental_id) VALUES (157, 28, 25);
INSERT INTO CustomerRentals (id, customer_id, rental_id) VALUES (158, 10, 1);
INSERT INTO CustomerRentals (id, customer_id, rental_id) VALUES (159, 49, 7);
INSERT INTO CustomerRentals (id, customer_id, rental_id) VALUES (160, 76, 46);
INSERT INTO CustomerRentals (id, customer_id, rental_id) VALUES (161, 27, 17);
INSERT INTO CustomerRentals (id, customer_id, rental_id) VALUES (162, 57, 47);
INSERT INTO CustomerRentals (id, customer_id, rental_id) VALUES (163, 62, 2);
INSERT INTO CustomerRentals (id, customer_id, rental_id) VALUES (164, 12, 34);
INSERT INTO CustomerRentals (id, customer_id, rental_id) VALUES (165, 20, 13);
INSERT INTO CustomerRentals (id, customer_id, rental_id) VALUES (166, 62, 41);
INSERT INTO CustomerRentals (id, customer_id, rental_id) VALUES (167, 34, 30);
INSERT INTO CustomerRentals (id, customer_id, rental_id) VALUES (168, 96, 22);
INSERT INTO CustomerRentals (id, customer_id, rental_id) VALUES (169, 26, 4);
INSERT INTO CustomerRentals (id, customer_id, rental_id) VALUES (170, 75, 17);
INSERT INTO CustomerRentals (id, customer_id, rental_id) VALUES (171, 20, 4);
INSERT INTO CustomerRentals (id, customer_id, rental_id) VALUES (172, 52, 49);
INSERT INTO CustomerRentals (id, customer_id, rental_id) VALUES (173, 43, 35);
INSERT INTO CustomerRentals (id, customer_id, rental_id) VALUES (174, 97, 45);
INSERT INTO CustomerRentals (id, customer_id, rental_id) VALUES (175, 5, 36);
INSERT INTO CustomerRentals (id, customer_id, rental_id) VALUES (176, 57, 8);
INSERT INTO CustomerRentals (id, customer_id, rental_id) VALUES (177, 74, 13);
INSERT INTO CustomerRentals (id, customer_id, rental_id) VALUES (178, 32, 34);
INSERT INTO CustomerRentals (id, customer_id, rental_id) VALUES (179, 94, 30);
INSERT INTO CustomerRentals (id, customer_id, rental_id) VALUES (180, 33, 4);
INSERT INTO CustomerRentals (id, customer_id, rental_id) VALUES (181, 76, 5);
INSERT INTO CustomerRentals (id, customer_id, rental_id) VALUES (182, 33, 30);
INSERT INTO CustomerRentals (id, customer_id, rental_id) VALUES (183, 60, 12);
INSERT INTO CustomerRentals (id, customer_id, rental_id) VALUES (184, 99, 12);
INSERT INTO CustomerRentals (id, customer_id, rental_id) VALUES (185, 91, 37);
INSERT INTO CustomerRentals (id, customer_id, rental_id) VALUES (186, 38, 45);
INSERT INTO CustomerRentals (id, customer_id, rental_id) VALUES (187, 24, 47);
INSERT INTO CustomerRentals (id, customer_id, rental_id) VALUES (188, 50, 43);
INSERT INTO CustomerRentals (id, customer_id, rental_id) VALUES (189, 45, 31);
INSERT INTO CustomerRentals (id, customer_id, rental_id) VALUES (190, 10, 1);
INSERT INTO CustomerRentals (id, customer_id, rental_id) VALUES (191, 56, 37);
INSERT INTO CustomerRentals (id, customer_id, rental_id) VALUES (192, 79, 34);
INSERT INTO CustomerRentals (id, customer_id, rental_id) VALUES (193, 3, 8);
INSERT INTO CustomerRentals (id, customer_id, rental_id) VALUES (194, 67, 45);
INSERT INTO CustomerRentals (id, customer_id, rental_id) VALUES (195, 62, 12);
INSERT INTO CustomerRentals (id, customer_id, rental_id) VALUES (196, 70, 4);
INSERT INTO CustomerRentals (id, customer_id, rental_id) VALUES (197, 70, 50);
INSERT INTO CustomerRentals (id, customer_id, rental_id) VALUES (198, 74, 6);
INSERT INTO CustomerRentals (id, customer_id, rental_id) VALUES (199, 98, 7);
INSERT INTO CustomerRentals (id, customer_id, rental_id) VALUES (200, 95, 14);